{
    "frame_9": [
        {
            "width": 1342.0,
            "height": 839.0,
            "x": 1249.0,
            "y": 499.5,
            "confidence": 0.5766506195068359,
            "class_id": 1,
            "class": "landslide scar",
            "detection_id": "2a2108c3-773a-44f7-a567-b811120bd577",
            "parent_id": "image"
        }
    ],
    "frame_0": [
        {
            "width": 1714.0,
            "height": 415.0,
            "x": 1052.0,
            "y": 872.5,
            "confidence": 0.647881031036377,
            "class_id": 0,
            "class": "landslide debris",
            "detection_id": "8da39b08-d8ba-4353-83e4-8b2aecd63cd0",
            "parent_id": "image"
        }
    ],
    "frame_12": [
        {
            "width": 1904.0,
            "height": 415.0,
            "x": 956.0,
            "y": 870.5,
            "confidence": 0.5662133097648621,
            "class_id": 0,
            "class": "landslide debris",
            "detection_id": "e8b9de18-7b06-4568-9f31-7a214cc76d89",
            "parent_id": "image"
        },
        {
            "width": 1303.0,
            "height": 827.0,
            "x": 1262.5,
            "y": 445.5,
            "confidence": 0.555809497833252,
            "class_id": 1,
            "class": "landslide scar",
            "detection_id": "d060f7f2-b3e5-479d-aba4-0dca2d077f43",
            "parent_id": "image"
        }
    ],
    "frame_11": [
        {
            "width": 1701.0,
            "height": 414.0,
            "x": 1053.5,
            "y": 873.0,
            "confidence": 0.6200708746910095,
            "class_id": 0,
            "class": "landslide debris",
            "detection_id": "e98e6a2b-42da-4c15-9e9a-f6682433f9ea",
            "parent_id": "image"
        },
        {
            "width": 1892.0,
            "height": 904.0,
            "x": 974.0,
            "y": 508.0,
            "confidence": 0.6050702333450317,
            "class_id": 1,
            "class": "landslide scar",
            "detection_id": "a293e891-42ab-4522-8e1f-9cc4fb0c5608",
            "parent_id": "image"
        }
    ],
    "frame_8": [
        {
            "width": 1144.0,
            "height": 828.0,
            "x": 1344.0,
            "y": 521.0,
            "confidence": 0.6230107545852661,
            "class_id": 1,
            "class": "landslide scar",
            "detection_id": "8b930762-19e5-459c-9f58-90951532319f",
            "parent_id": "image"
        }
    ],
    "frame_6": [
        {
            "width": 1170.0,
            "height": 755.0,
            "x": 1335.0,
            "y": 494.5,
            "confidence": 0.6880226135253906,
            "class_id": 1,
            "class": "landslide scar",
            "detection_id": "8c4f1639-4dda-4817-a878-791c1c1029dc",
            "parent_id": "image"
        },
        {
            "width": 1035.0,
            "height": 242.0,
            "x": 1395.5,
            "y": 798.0,
            "confidence": 0.6055366396903992,
            "class_id": 0,
            "class": "landslide debris",
            "detection_id": "931dc53f-fff1-412e-bb58-fe1bbcf6043e",
            "parent_id": "image"
        }
    ],
    "frame_14": [
        {
            "width": 1908.0,
            "height": 621.0,
            "x": 959.0,
            "y": 767.5,
            "confidence": 0.7254089117050171,
            "class_id": 0,
            "class": "landslide debris",
            "detection_id": "097495c6-5680-4a1b-8a08-a1ed2c48d500",
            "parent_id": "image"
        }
    ],
    "frame_18": [
        {
            "width": 1612.0,
            "height": 396.0,
            "x": 1095.0,
            "y": 874.0,
            "confidence": 0.6479429006576538,
            "class_id": 0,
            "class": "landslide debris",
            "detection_id": "4057406a-591a-4e9e-992c-e20cbfb61540",
            "parent_id": "image"
        },
        {
            "width": 1468.0,
            "height": 951.0,
            "x": 1174.0,
            "y": 481.5,
            "confidence": 0.47404271364212036,
            "class_id": 1,
            "class": "landslide scar",
            "detection_id": "137ee3b0-f4e9-49c8-95c7-cf7bb476ce49",
            "parent_id": "image"
        }
    ],
    "frame_10": [
        {
            "width": 1710.0,
            "height": 417.0,
            "x": 1052.0,
            "y": 871.5,
            "confidence": 0.5987251400947571,
            "class_id": 0,
            "class": "landslide debris",
            "detection_id": "4d19bc2a-eb4e-490d-9ced-acb18022ac97",
            "parent_id": "image"
        },
        {
            "width": 1343.0,
            "height": 904.0,
            "x": 1248.5,
            "y": 592.0,
            "confidence": 0.5870493650436401,
            "class_id": 1,
            "class": "landslide scar",
            "detection_id": "cb725926-7119-4035-a0fd-7407e69373b8",
            "parent_id": "image"
        }
    ],
    "frame_2": [
        {
            "width": 851.0,
            "height": 931.0,
            "x": 1492.5,
            "y": 470.5,
            "confidence": 0.5752443075180054,
            "class_id": 1,
            "class": "landslide scar",
            "detection_id": "77aea44d-c248-4b31-820c-414a0af6366f",
            "parent_id": "image"
        }
    ],
    "frame_20": [
        {
            "width": 1654.0,
            "height": 436.0,
            "x": 1090.0,
            "y": 859.0,
            "confidence": 0.7202926278114319,
            "class_id": 0,
            "class": "landslide debris",
            "detection_id": "2a58a161-5328-4839-b340-81786e1ac6b5",
            "parent_id": "image"
        }
    ],
    "frame_1": [
        {
            "width": 863.0,
            "height": 930.0,
            "x": 1487.5,
            "y": 545.0,
            "confidence": 0.605920672416687,
            "class_id": 1,
            "class": "landslide scar",
            "detection_id": "a984bac8-c0d3-43cb-a8f0-cea0b9e05cd3",
            "parent_id": "image"
        }
    ],
    "frame_19": [
        {
            "width": 1848.0,
            "height": 442.0,
            "x": 982.0,
            "y": 859.0,
            "confidence": 0.6741506457328796,
            "class_id": 0,
            "class": "landslide debris",
            "detection_id": "236af50f-e9da-4218-9e64-9ea915f48380",
            "parent_id": "image"
        }
    ],
    "frame_4": [
        {
            "width": 1834.0,
            "height": 399.0,
            "x": 989.0,
            "y": 880.5,
            "confidence": 0.673821210861206,
            "class_id": 0,
            "class": "landslide debris",
            "detection_id": "383dc44b-7917-4c8f-9601-960929ad88cd",
            "parent_id": "image"
        }
    ],
    "frame_22": [
        {
            "width": 1455.0,
            "height": 407.0,
            "x": 1179.5,
            "y": 873.5,
            "confidence": 0.7875177264213562,
            "class_id": 0,
            "class": "landslide debris",
            "detection_id": "88933c01-ce36-43f6-8b97-99c180ad58f6",
            "parent_id": "image"
        },
        {
            "width": 1229.0,
            "height": 813.0,
            "x": 1300.5,
            "y": 656.5,
            "confidence": 0.7303781509399414,
            "class_id": 1,
            "class": "landslide scar",
            "detection_id": "6b331a08-c56f-4822-b85b-bd57b003229c",
            "parent_id": "image"
        }
    ],
    "frame_15": [
        {
            "width": 1306.0,
            "height": 897.0,
            "x": 1265.0,
            "y": 462.5,
            "confidence": 0.5894321799278259,
            "class_id": 1,
            "class": "landslide scar",
            "detection_id": "710a1945-509d-4610-97f8-e5d4783e8667",
            "parent_id": "image"
        },
        {
            "width": 1850.0,
            "height": 408.0,
            "x": 983.0,